éûçè,cell_1(V),cell_2(V),cell_3(V),cell_4(V),cell_5(V),cell_6(V),cell_7(V),cell_8(V),cell_9(V),cell_10(V),cell_11(V),cell_12(V),cell_13(V),cell_14(V),cell_15(V),cell_16(V)
9:30:05,3.361,3.3604,3.3612,3.3621,3.3615,3.3601,3.3619,3.3693,3.3626,3.3627,3.362,3.3675,3.364,3.3631,3.3638,3.3632
9:30:06,3.3605,3.3602,3.361,3.3614,3.361,3.3607,3.3612,3.3693,3.3621,3.3616,3.3617,3.3677,3.3638,3.3629,3.3632,3.3632
9:30:07,3.3608,3.3597,3.3607,3.3608,3.3611,3.3605,3.361,3.3692,3.3623,3.3613,3.362,3.3677,3.3627,3.3627,3.3632,3.3627
9:30:08,3.3603,3.3597,3.3607,3.3608,3.361,3.3598,3.3609,3.3692,3.3612,3.3609,3.3615,3.3671,3.3627,3.3622,3.3629,3.3625
9:30:09,3.3601,3.3599,3.3601,3.3607,3.3603,3.3594,3.3607,3.3686,3.3616,3.3615,3.3608,3.3675,3.3633,3.3624,3.3629,3.3622
9:30:10,3.3601,3.3597,3.3603,3.36,3.3603,3.3594,3.3605,3.3686,3.3618,3.3608,3.3608,3.3677,3.3627,3.362,3.3624,3.3622
9:30:11,3.3594,3.359,3.3598,3.3603,3.3601,3.3596,3.3602,3.3686,3.3611,3.3606,3.361,3.367,3.3626,3.362,3.3622,3.3616
9:30:12,3.3601,3.3592,3.3598,3.3598,3.3599,3.3591,3.3607,3.3685,3.3609,3.3606,3.3605,3.3671,3.362,3.3617,3.362,3.3618
9:30:13,3.3598,3.3588,3.36,3.36,3.3601,3.3591,3.3607,3.3685,3.3609,3.3606,3.3605,3.3673,3.362,3.3618,3.362,3.3615
9:30:14,3.1922,3.3587,3.3594,3.3594,3.3597,3.3589,3.3452,3.3054,3.271,3.2409,3.2292,3.2097,3.3559,3.3145,3.2869,3.2682
9:30:15,3.2089,3.2254,3.1863,3.1718,3.1997,3.1897,3.2001,3.1953,3.2017,3.1936,3.2091,3.212,3.2055,3.18,3.1943,3.2044
9:30:16,3.1941,3.2097,3.1952,3.1875,3.2171,3.2026,3.2036,3.2024,3.1958,3.1851,3.1974,3.2062,3.2094,3.1835,3.1904,3.1972
9:30:17,3.1711,3.1874,3.1694,3.1583,3.1821,3.163,3.1615,3.1584,3.1486,3.1338,3.1471,3.1563,3.1703,3.1358,3.1434,3.1504
9:30:18,3.1208,3.1407,3.1181,3.1032,3.1326,3.1054,3.1044,3.0957,3.0839,3.115,3.1305,3.14,3.1476,3.112,3.122,3.1315
9:30:19,3.1208,3.1407,3.1181,3.1032,3.1326,3.1054,3.1044,3.0957,3.0839,3.115,3.1305,3.14,3.1145,3.0702,3.0798,3.0875
9:30:20,3.0497,3.0754,3.05,3.0372,3.0752,3.0472,3.0512,3.0427,3.0325,3.0165,3.0374,3.0683,3.1145,3.0702,3.0798,3.0875
9:30:21,3.001,3.0328,3.0047,2.9902,3.0327,2.9988,3.0049,3.0154,3.0048,2.9874,3.0084,3.0161,3.0374,2.9842,2.9993,3.0116
9:30:22,2.975,3.0096,2.9816,2.9733,3.018,2.9841,2.9918,2.9764,2.9678,2.951,2.9759,2.9841,3.0001,2.9426,2.9617,2.976
9:30:23,2.9518,2.9863,2.9561,2.9405,2.9869,2.9478,2.9543,2.9317,2.918,2.9009,2.9255,2.93,2.9643,2.8997,2.9177,2.9292
9:30:24,2.9072,2.9455,2.9281,2.9132,2.9635,2.9246,2.9356,2.9121,2.902,2.8875,2.915,2.9197,2.9429,2.8789,2.8998,2.9148
9:30:25,2.8758,2.9179,2.8823,2.8652,2.9173,2.8724,2.8838,2.8544,2.8367,2.8232,2.8521,2.8869,2.8923,2.8208,2.8422,2.8545
9:30:26,2.8271,2.8761,2.8391,2.823,2.8801,2.8338,2.849,2.8253,2.8073,2.7978,2.8299,2.8323,2.8554,2.7824,2.8066,2.8212
9:30:27,2.8198,2.869,2.8317,2.8199,2.8764,2.8308,2.8459,2.8144,2.7953,2.788,2.8209,2.8232,2.8368,2.7794,2.8029,2.8179
9:30:28,2.8308,2.8517,2.8162,2.8403,2.843,2.8541,2.8146,2.8186,2.7871,2.7803,2.8289,2.7921,2.8277,2.7909,2.796,2.8144
9:30:29,2.8308,2.8517,2.8162,2.8403,2.843,2.8541,2.8146,2.8186,2.7871,2.7803,2.8289,2.7921,2.7923,2.7523,2.7594,2.7734
9:30:30,2.7865,2.8096,2.7773,2.8017,2.8056,2.8146,2.7776,2.7786,2.7412,2.7406,2.7926,2.7581,2.7889,2.7497,2.7562,2.7702
9:30:31,2.7675,2.7918,2.7508,2.7724,2.7768,2.7821,2.7462,2.7419,2.6949,2.6995,2.7517,2.7155,2.7575,2.7147,2.7425,2.7558
9:30:32,2.7218,2.7523,2.7108,2.7326,2.7411,2.7419,2.727,2.7204,2.6679,2.6765,2.7295,2.6937,2.7575,2.7147,2.7425,2.7558
9:30:33,2.6721,2.7104,2.6888,2.7074,2.7147,2.7121,2.6802,2.6683,2.6017,2.6236,2.6786,2.6434,2.6893,2.6407,2.6453,2.6561
9:30:34,2.6689,2.7076,2.664,2.6861,2.6963,2.6955,2.6687,2.659,2.5872,2.616,2.6724,2.6371,2.6747,2.6287,2.6365,2.6487
9:30:35,2.6609,2.697,2.6492,2.6668,2.6743,2.6669,2.6394,2.6227,2.5322,2.5721,2.6265,2.5882,2.6468,2.5956,2.5978,2.6065
9:30:36,2.5941,2.6416,2.5939,2.6151,2.6288,2.6211,2.602,2.5848,2.4596,2.5386,2.6005,2.5648,2.6029,2.554,2.5577,2.5684
9:30:37,2.5727,2.6208,2.5719,2.5914,2.6033,2.6162,2.5957,2.576,2.4285,2.5252,2.582,2.5448,2.5749,2.5243,2.5248,2.5334
9:30:38,2.5519,2.6044,2.5544,2.5758,2.5886,2.5775,2.5627,2.5416,2.2299,2.494,2.5527,2.5163,2.561,2.5115,2.5119,2.522
9:30:39,2.531,2.5837,2.5314,2.5505,2.5608,2.5455,2.5325,2.5054,2.1754,2.4903,2.5467,2.5076,2.5296,2.4781,2.4737,2.4808
9:30:40,2.5005,2.5596,2.5091,2.5313,2.5454,2.5308,2.5228,2.4967,2.185,2.4474,2.5064,2.4683,2.5143,2.4671,2.4633,2.474
9:30:41,2.4994,2.5594,2.5087,2.5322,2.5428,2.5284,2.5214,2.4951,2.1482,2.4469,2.5059,2.4655,2.5133,2.4675,2.463,2.4717
9:30:42,2.4973,2.5582,2.5075,2.5313,2.5412,2.5279,2.5215,2.4946,2.1805,2.446,2.5043,2.4638,2.5121,2.4678,2.4618,2.4699
9:30:43,2.4893,2.5488,2.4981,2.5233,2.5391,2.5249,2.5201,2.4934,2.188,2.4429,2.4985,2.4547,2.5013,2.4607,2.46,2.4661
9:30:44,2.4876,2.5482,2.4983,2.5235,2.5304,2.5164,2.5128,2.4848,2.1695,2.4372,2.4947,2.451,2.5013,2.4607,2.4514,2.4585
9:30:45,2.4883,2.5475,2.4985,2.5251,2.5302,2.5162,2.5141,2.4857,2.1482,2.4384,2.4945,2.4502,2.501,2.4635,2.453,2.4584
9:30:46,2.4883,2.5474,2.4992,2.5256,2.5288,2.516,2.5139,2.485,2.1345,2.4389,2.4952,2.4491,2.4999,2.4638,2.4526,2.4584
9:30:47,2.4892,2.5479,2.4993,2.5282,2.5301,2.5169,2.5165,2.4862,2.0983,2.4417,2.497,2.4495,2.5013,2.4682,2.4551,2.4598
9:30:48,2.4904,2.5484,2.5014,2.5305,2.5309,2.5181,2.5167,2.4875,2.0856,2.4429,2.4979,2.4498,2.5021,2.471,2.4581,2.4612
9:30:49,2.4921,2.5495,2.502,2.5317,2.5318,2.5186,2.5188,2.4882,2.1351,2.445,2.4993,2.4495,2.5024,2.4724,2.4581,2.4616
9:30:50,2.4932,2.5503,2.5039,2.5347,2.5332,2.52,2.5216,2.4904,2.1248,2.4473,2.5026,2.4514,2.5037,2.4763,2.4616,2.4626
9:30:51,2.4953,2.5516,2.506,2.538,2.5346,2.5221,2.5238,2.492,2.1313,2.4496,2.5036,2.4518,2.5049,2.4789,2.4634,2.4649
9:30:52,2.4965,2.553,2.5074,2.539,2.536,2.5234,2.5254,2.4936,2.1037,2.4529,2.5066,2.4528,2.5072,2.4833,2.4669,2.4674
9:30:53,2.4993,2.5556,2.5098,2.5425,2.5378,2.5254,2.5273,2.4946,2.1049,2.4543,2.5078,2.4545,2.5095,2.4873,2.4704,2.4703
9:30:54,2.5023,2.5571,2.5114,2.545,2.5388,2.527,2.5301,2.4965,2.098,2.4574,2.5108,2.4566,2.5114,2.4896,2.4723,2.4714
9:30:55,2.5031,2.5584,2.5137,2.5483,2.5406,2.5288,2.5326,2.4985,2.135,2.4611,2.5137,2.4579,2.5121,2.4932,2.4753,2.4737
9:30:56,2.5056,2.5599,2.5161,2.5513,2.5427,2.5314,2.5359,2.5016,2.1573,2.4623,2.515,2.4587,2.513,2.495,2.4776,2.4751
9:30:57,2.5094,2.5634,2.5198,2.5553,2.5442,2.5331,2.5371,2.5034,2.131,2.4666,2.5181,2.4617,2.5156,2.4995,2.4818,2.4781
9:30:58,2.5106,2.5647,2.521,2.5572,2.5467,2.5352,2.5406,2.506,2.1407,2.4705,2.5218,2.464,2.5188,2.5042,2.4862,2.4823
9:30:59,2.5106,2.5647,2.521,2.5572,2.5467,2.5352,2.5406,2.506,2.1407,2.4705,2.5218,2.464,2.5216,2.509,2.4908,2.4852
9:31:00,2.5171,2.5697,2.5276,2.5647,2.5511,2.5401,2.5458,2.5104,2.1184,2.4764,2.527,2.4692,2.523,2.5112,2.493,2.4875
9:31:01,2.5171,2.5697,2.5276,2.5647,2.5511,2.5401,2.5458,2.5104,2.1184,2.4764,2.527,2.4692,2.5254,2.5151,2.4974,2.4901
9:31:02,2.522,2.5729,2.5304,2.5684,2.5549,2.5445,2.5504,2.5144,2.1465,2.482,2.5328,2.4734,2.5268,2.5175,2.499,2.4921
9:31:03,2.5251,2.5769,2.533,2.5717,2.5573,2.5468,2.5532,2.5177,2.1666,2.4855,2.5356,2.4755,2.5293,2.5214,2.503,2.4951
9:31:04,2.5267,2.5783,2.5372,2.5755,2.5603,2.5494,2.5568,2.5205,2.1418,2.4891,2.5375,2.4776,2.5293,2.5214,2.503,2.4951
9:31:05,2.5296,2.5811,2.5397,2.5792,2.5622,2.5532,2.5574,2.5217,2.1563,2.4909,2.5405,2.4813,2.5335,2.5278,2.5095,2.4998
9:31:06,2.5296,2.5811,2.5397,2.5792,2.5622,2.5532,2.5593,2.5231,2.161,2.4933,2.5417,2.4821,2.5349,2.5298,2.5111,2.5017
9:31:07,2.5342,2.584,2.543,2.5821,2.5657,2.556,2.5624,2.5261,2.1613,2.4971,2.5461,2.4856,2.5379,2.5343,2.5155,2.5047
9:31:08,2.5381,2.5896,2.5464,2.5867,2.569,2.5589,2.5662,2.5299,2.1484,2.5011,2.5507,2.4894,2.5412,2.539,2.5202,2.5093
9:31:09,2.5402,2.591,2.5506,2.5903,2.572,2.5624,2.5702,2.5339,2.1267,2.5048,2.5542,2.4931,2.5447,2.5436,2.5227,2.5108
9:31:10,2.5434,2.5939,2.5532,2.5943,2.5744,2.5654,2.5706,2.535,2.1641,2.5069,2.5554,2.4947,2.5454,2.5453,2.5259,2.514
9:31:11,2.5463,2.5964,2.5551,2.5957,2.5757,2.5666,2.5742,2.5381,2.1601,2.5109,2.5591,2.4976,2.5481,2.5492,2.5302,2.5175
9:31:12,2.5477,2.5981,2.5583,2.5997,2.5785,2.5703,2.5781,2.5414,2.1351,2.5143,2.5624,2.4995,2.5511,2.5513,2.5322,2.5194
9:31:13,2.5498,2.6008,2.56,2.602,2.5806,2.572,2.5796,2.5439,2.1368,2.5159,2.5642,2.5027,2.5523,2.5551,2.5357,2.5224
9:31:14,2.5524,2.6034,2.5635,2.6036,2.5823,2.5736,2.5819,2.5456,2.1812,2.5192,2.5664,2.5051,2.5546,2.5586,2.539,2.5247
9:31:15,2.5544,2.6044,2.5649,2.6078,2.5846,2.5755,2.5833,2.5467,2.1821,2.5206,2.5678,2.5069,2.557,2.5623,2.5424,2.5261
9:31:16,2.5568,2.5962,2.5984,2.5639,2.6325,2.5369,2.6011,2.5488,2.1955,2.5381,2.5231,2.5427,2.5735,2.5483,2.5438,2.5291
9:31:17,2.5578,2.5971,2.6056,2.5633,2.6379,2.5378,2.6039,2.5521,2.2199,2.5412,2.5256,2.5446,2.5767,2.551,2.5469,2.5315
9:31:18,2.5605,2.5997,2.6084,2.5662,2.6398,2.5387,2.6057,2.5538,2.2348,2.5428,2.5266,2.5474,2.5792,2.5546,2.5504,2.5326
9:31:19,2.5634,2.6025,2.6098,2.568,2.6412,2.5415,2.6085,2.5566,2.2297,2.5461,2.5292,2.5502,2.5802,2.5562,2.5524,2.5357
9:31:20,2.5646,2.6039,2.6124,2.5709,2.6442,2.5444,2.6119,2.5592,2.2093,2.5504,2.5324,2.554,2.5828,2.5602,2.554,2.537
9:31:21,2.5676,2.6067,2.6153,2.5742,2.6463,2.5467,2.614,2.5622,2.2164,2.5513,2.5338,2.5554,2.5839,2.562,2.5569,2.5401
9:31:22,2.57,2.6091,2.6183,2.5777,2.6472,2.5481,2.6153,2.5638,2.2159,2.5537,2.5368,2.558,2.586,2.5649,2.5603,2.5426
9:31:23,2.5711,2.6104,2.6197,2.5786,2.6498,2.5512,2.6167,2.565,2.2191,2.5558,2.5378,2.5601,2.5879,2.5681,2.5633,2.5442
9:31:24,2.5723,2.6119,2.6213,2.58,2.6512,2.5521,2.6188,2.5668,2.2189,2.5574,2.5394,2.5613,2.589,2.5693,2.5645,2.5461
9:31:25,2.5749,2.6145,2.6241,2.5833,2.6526,2.5542,2.6214,2.5706,2.2397,2.5623,2.5415,2.5643,2.5914,2.573,2.5675,2.5492
9:31:26,2.5753,2.6156,2.6251,2.5858,2.6542,2.5556,2.624,2.572,2.2952,2.5626,2.5439,2.5653,2.5925,2.5753,2.5692,2.5496
9:31:27,2.5753,2.6156,2.6251,2.5858,2.6542,2.5554,2.6236,2.5727,2.3036,2.5649,2.5451,2.5685,2.5925,2.5753,2.5692,2.5508
9:31:28,2.5741,2.6191,2.6286,2.5884,2.6575,2.5591,2.6257,2.5751,2.3041,2.5665,2.5479,2.5706,2.5948,2.5784,2.5726,2.5534
9:31:29,2.568,2.646,2.6068,2.6149,2.6341,2.5767,2.635,2.569,2.449,2.5558,2.549,2.5715,2.5967,2.5807,2.574,2.5547
9:31:30,2.5687,2.6476,2.6082,2.6167,2.6356,2.5745,2.6404,2.5685,2.4509,2.5562,2.5827,2.5568,2.5978,2.5822,2.5757,2.5561
9:31:31,2.5714,2.6502,2.6108,2.6198,2.6374,2.5764,2.6427,2.5713,2.4472,2.5576,2.5839,2.558,2.6002,2.5856,2.5787,2.5582
9:31:32,2.5742,2.6528,2.6133,2.6227,2.6383,2.5785,2.6441,2.5725,2.4416,2.5604,2.586,2.5608,2.6021,2.587,2.5799,2.5592
9:31:33,2.5755,2.6535,2.6147,2.6239,2.6406,2.5805,2.6467,2.5752,2.4384,2.5637,2.5894,2.5637,2.6034,2.5896,2.5826,2.562
9:31:34,2.5778,2.6569,2.6173,2.6267,2.6425,2.5829,2.6488,2.578,2.4331,2.5655,2.5908,2.5645,2.6046,2.5912,2.5841,2.5631
9:31:35,2.5806,2.6591,2.6206,2.6298,2.6455,2.5841,2.6504,2.5794,2.4108,2.5681,2.593,2.5677,2.6067,2.5943,2.5866,2.5659
9:31:36,2.5821,2.6607,2.6219,2.6314,2.6465,2.5873,2.653,2.5825,2.3972,2.5711,2.5964,2.5705,2.6092,2.5971,2.5898,2.5687
9:31:37,2.5848,2.6638,2.6252,2.6344,2.6485,2.5902,2.6565,2.586,2.43,2.5751,2.5981,2.5726,2.6113,2.5994,2.5917,2.5701
9:31:38,2.587,2.6665,2.6274,2.6373,2.652,2.5929,2.6583,2.5869,2.4291,2.5754,2.6012,2.5747,2.6139,2.6023,2.5945,2.5727
9:31:39,2.5886,2.6679,2.629,2.6382,2.6521,2.5941,2.6604,2.5901,2.426,2.5777,2.6032,2.5764,2.6163,2.6056,2.5974,2.5759
9:31:40,2.5914,2.6707,2.6327,2.6419,2.6537,2.5957,2.6612,2.5911,2.4241,2.5806,2.6054,2.5794,2.6195,2.6069,2.5983,2.5764
9:31:41,2.5928,2.6719,2.6334,2.6429,2.656,2.5983,2.6642,2.5939,2.4001,2.5838,2.6081,2.5816,2.6205,2.6102,2.6016,2.5793
9:31:42,2.5964,2.6748,2.6362,2.6453,2.6584,2.6005,2.6668,2.5969,2.3982,2.5864,2.611,2.5848,2.6205,2.6102,2.6016,2.5793
9:31:43,2.5984,2.6771,2.6379,2.6474,2.6595,2.6023,2.6684,2.5976,2.3953,2.5881,2.6126,2.5863,2.624,2.6146,2.6053,2.583
9:31:44,2.5998,2.6787,2.64,2.6499,2.6621,2.6044,2.6707,2.6007,2.386,2.5902,2.6152,2.5883,2.6268,2.6172,2.6078,2.5858
9:31:45,2.6148,2.6677,2.6424,2.6525,2.6509,2.6374,2.6469,2.613,2.3874,2.5921,2.6166,2.5893,2.6284,2.6187,2.6094,2.5871
9:31:46,2.6181,2.6707,2.6449,2.6546,2.6528,2.6386,2.6483,2.6147,2.3933,2.5955,2.6196,2.5932,2.6305,2.6221,2.6116,2.5897
9:31:47,2.6198,2.6721,2.6466,2.6563,2.6537,2.6416,2.6504,2.6173,2.3813,2.5981,2.6224,2.5956,2.6333,2.6245,2.6139,2.592
9:31:48,2.6223,2.6742,2.6492,2.659,2.6561,2.6439,2.653,2.6201,2.3897,2.5998,2.6238,2.5966,2.6346,2.6264,2.615,2.5934
9:31:49,2.6236,2.6755,2.6505,2.6602,2.6575,2.6449,2.6542,2.6215,2.3816,2.6022,2.6266,2.5996,2.6367,2.6291,2.6167,2.596
9:31:50,2.6261,2.6778,2.6531,2.6621,2.6591,2.6477,2.6565,2.6243,2.3766,2.6033,2.6273,2.6005,2.6393,2.6315,2.6178,2.5985
9:31:51,2.6261,2.6778,2.6531,2.6621,2.6591,2.6477,2.6565,2.6243,2.3766,2.6033,2.6273,2.6005,2.6398,2.6327,2.6188,2.599
9:31:52,2.6297,2.6811,2.6573,2.6658,2.6617,2.6507,2.66,2.6275,2.3846,2.6084,2.632,2.6049,2.6421,2.6354,2.6211,2.6016
9:31:53,2.6318,2.6838,2.6595,2.6682,2.6644,2.6529,2.6618,2.6297,2.3747,2.6106,2.6342,2.6068,2.6421,2.6354,2.6211,2.6016
9:31:54,2.6338,2.6853,2.6608,2.6693,2.6647,2.6535,2.6628,2.6301,2.357,2.6115,2.6351,2.6078,2.6447,2.6389,2.6245,2.6044
9:31:55,2.6348,2.6867,2.6623,2.6714,2.667,2.6559,2.6652,2.6331,2.3731,2.615,2.6377,2.6096,2.6474,2.6415,2.6266,2.6067
9:31:56,2.6357,2.6886,2.6637,2.6731,2.6684,2.658,2.6652,2.6331,2.3731,2.615,2.6377,2.6096,2.6488,2.6434,2.629,2.6079
9:31:57,2.6394,2.6903,2.6664,2.6752,2.6702,2.6594,2.6689,2.6369,2.3661,2.6187,2.6425,2.6138,2.6512,2.6457,2.6304,2.6105
9:31:58,2.6411,2.693,2.6683,2.6763,2.6712,2.6608,2.67,2.6382,2.3717,2.6195,2.643,2.6159,2.6533,2.6465,2.6316,2.6114
9:31:59,2.6411,2.693,2.6683,2.6763,2.6712,2.6608,2.67,2.6382,2.3717,2.6195,2.643,2.6159,2.6533,2.6465,2.6316,2.6114
9:32:00,2.6438,2.6957,2.6715,2.68,2.6749,2.6652,2.6739,2.6422,2.3534,2.6246,2.6472,2.619,2.6561,2.6511,2.6353,2.6151
9:32:01,2.645,2.6967,2.6736,2.6817,2.6761,2.667,2.6751,2.6422,2.3534,2.6246,2.6472,2.619,2.6577,2.6527,2.6373,2.6163
9:32:02,2.6479,2.7001,2.675,2.684,2.6777,2.6682,2.677,2.646,2.358,2.6272,2.6505,2.6222,2.6591,2.6545,2.6391,2.6183
9:32:03,2.6481,2.7008,2.6767,2.6856,2.6788,2.6692,2.678,2.6467,2.34,2.6288,2.6523,2.6231,2.6602,2.6562,2.6403,2.6192
9:32:04,2.6509,2.703,2.6791,2.6873,2.6807,2.6718,2.6803,2.6483,2.3799,2.6295,2.653,2.625,2.6623,2.6583,2.6424,2.6209
9:32:05,2.6521,2.7046,2.6791,2.6873,2.6807,2.6722,2.6808,2.6495,2.3412,2.6323,2.6558,2.6255,2.6632,2.6588,2.6429,2.622
9:32:06,2.6535,2.7055,2.6812,2.6904,2.6823,2.6734,2.6819,2.6508,2.3351,2.6328,2.6565,2.6269,2.6648,2.6599,2.6442,2.6225
9:32:07,2.6551,2.707,2.6832,2.6913,2.6838,2.675,2.6835,2.6523,2.3229,2.6344,2.6575,2.6281,2.666,2.6625,2.6466,2.6244
9:32:08,2.6577,2.7074,2.6846,2.6925,2.6851,2.6767,2.6852,2.6541,2.3368,2.6365,2.66,2.6299,2.6669,2.6639,2.648,2.6267
9:32:09,2.6581,2.7091,2.6851,2.6938,2.6863,2.6778,2.6861,2.6548,2.2927,2.6375,2.661,2.6307,2.6679,2.6651,2.6487,2.6269
9:32:10,2.6596,2.7112,2.6873,2.6962,2.6879,2.6799,2.6875,2.6565,2.318,2.6386,2.6622,2.6321,2.6693,2.6665,2.6499,2.6283
9:32:11,2.6607,2.7118,2.6886,2.6969,2.6886,2.6808,2.6892,2.6583,2.3253,2.6407,2.664,2.6339,2.6709,2.6683,2.6515,2.63
9:32:12,2.6617,2.7137,2.6896,2.6983,2.6896,2.6813,2.6903,2.6593,2.303,2.6415,2.6647,2.6341,2.6713,2.6688,2.6522,2.6304
9:32:13,2.6635,2.7152,2.6915,2.7,2.6915,2.683,2.692,2.6597,2.3168,2.6422,2.6659,2.6351,2.6725,2.6707,2.6531,2.6314
9:32:14,2.6415,2.7276,2.6926,2.7007,2.7045,2.654,2.7178,2.6349,2.34,2.6527,2.6436,2.6622,2.6732,2.6688,2.6592,2.6323
9:32:15,2.6401,2.7304,2.6938,2.7018,2.7064,2.6551,2.7201,2.6357,2.3185,2.6607,2.635,2.6702,2.6593,2.658,2.6703,2.6334
9:32:16,2.6404,2.7313,2.6945,2.7025,2.7069,2.6551,2.7201,2.6357,2.3185,2.6607,2.6359,2.6709,2.6593,2.6583,2.6708,2.6343
9:32:17,2.6422,2.7331,2.6964,2.7046,2.709,2.6574,2.7226,2.6378,2.3407,2.6631,2.6378,2.6726,2.6611,2.6608,2.6731,2.6369
9:32:18,2.6443,2.7346,2.6978,2.7053,2.7088,2.6575,2.7234,2.6384,2.3241,2.6647,2.639,2.6733,2.6627,2.6616,2.6736,2.6371
9:32:19,2.6443,2.7352,2.6989,2.7065,2.7106,2.6591,2.725,2.6403,2.3195,2.6661,2.6408,2.6753,2.6634,2.6636,2.675,2.6386
9:32:20,2.6453,2.736,2.6999,2.7074,2.7115,2.6603,2.725,2.6403,2.3195,2.6661,2.6408,2.6753,2.6651,2.6651,2.6771,2.6404
9:32:21,2.6469,2.7378,2.701,2.7089,2.712,2.661,2.7271,2.6418,2.3044,2.6677,2.642,2.677,2.665,2.6653,2.6771,2.6404
9:32:22,2.6473,2.7382,2.7022,2.7106,2.7133,2.6623,2.7273,2.6438,2.3156,2.6693,2.6438,2.6769,2.6662,2.6663,2.6782,2.6418
9:32:23,2.6487,2.7403,2.7036,2.7109,2.7145,2.6639,2.7292,2.644,2.3147,2.67,2.6436,2.679,2.6676,2.6677,2.6789,2.6425
9:32:24,2.6495,2.7411,2.7036,2.7118,2.7143,2.664,2.7297,2.6449,2.2971,2.6712,2.6453,2.679,2.6678,2.6684,2.6796,2.643
9:32:25,2.6499,2.7416,2.7054,2.7133,2.7155,2.6654,2.731,2.6462,2.3051,2.6731,2.6464,2.6798,2.669,2.67,2.6805,2.6442
9:32:26,2.652,2.7432,2.7073,2.7144,2.7169,2.6668,2.7322,2.6471,2.3102,2.6736,2.6476,2.6814,2.6702,2.6714,2.6818,2.6454
9:32:27,2.6525,2.7444,2.7083,2.7146,2.7173,2.6672,2.7334,2.6476,2.2965,2.6743,2.6487,2.6823,2.671,2.6721,2.682,2.6463
9:32:28,2.6537,2.7453,2.7095,2.7168,2.7176,2.6682,2.7343,2.6489,2.2953,2.6754,2.6497,2.6833,2.671,2.6721,2.682,2.6463
9:32:29,2.6539,2.746,2.7101,2.7174,2.7192,2.6693,2.7357,2.6497,2.2889,2.6762,2.6511,2.6837,2.671,2.6721,2.682,2.6463
9:32:30,2.6551,2.7467,2.7106,2.7177,2.7199,2.6691,2.7359,2.6504,2.2786,2.6776,2.652,2.6844,2.6731,2.6745,2.6829,2.6482
9:32:31,2.6562,2.7476,2.712,2.7191,2.7204,2.6708,2.7371,2.6517,2.2875,2.6785,2.6525,2.6854,2.6742,2.6754,2.6836,2.6491
9:32:32,2.656,2.7485,2.7127,2.7196,2.7211,2.6708,2.7371,2.6517,2.2875,2.6785,2.6525,2.6851,2.6742,2.6755,2.6836,2.6491
9:32:33,2.6576,2.7499,2.7136,2.7203,2.7222,2.6719,2.738,2.6529,2.2869,2.6799,2.6537,2.6861,2.6752,2.6775,2.6843,2.6507
9:32:34,2.6586,2.7502,2.7144,2.721,2.7227,2.6729,2.7392,2.6536,2.2698,2.6811,2.6551,2.6866,2.6759,2.6778,2.6846,2.6508
9:32:35,2.6598,2.7516,2.7155,2.721,2.7236,2.674,2.74,2.6548,2.2821,2.682,2.6556,2.6877,2.6766,2.6792,2.6855,2.6522
9:32:36,2.6602,2.7528,2.7165,2.7229,2.7244,2.6745,2.7411,2.6557,2.2903,2.6829,2.6569,2.6884,2.678,2.6801,2.6862,2.6521
9:32:37,2.6609,2.7533,2.7172,2.7228,2.7246,2.6754,2.7416,2.6564,2.2737,2.6834,2.6576,2.6891,2.6784,2.6803,2.6862,2.6533
9:32:38,2.6616,2.7546,2.7179,2.724,2.725,2.6757,2.7423,2.6567,2.2794,2.6843,2.6581,2.6894,2.6791,2.6818,2.6867,2.6542
9:32:39,2.6623,2.7542,2.719,2.7245,2.7262,2.6768,2.7432,2.6578,2.2831,2.6855,2.6586,2.6901,2.6794,2.6824,2.6867,2.6543
9:32:40,2.6621,2.7558,2.7195,2.7257,2.7267,2.678,2.7444,2.659,2.2791,2.6867,2.6598,2.6905,2.6803,2.6832,2.6876,2.6557
9:32:41,2.6645,2.7572,2.7212,2.7275,2.7279,2.6792,2.7456,2.6601,2.2841,2.6881,2.6605,2.6921,2.6816,2.6846,2.6888,2.6573
9:32:42,2.6645,2.7572,2.7212,2.7275,2.7279,2.6792,2.7456,2.6601,2.2841,2.6881,2.6605,2.6921,2.6824,2.6852,2.6895,2.6577
9:32:43,2.6918,2.7464,2.723,2.7284,2.716,2.707,2.7231,2.687,2.277,2.6745,2.6951,2.6606,2.697,2.6997,2.6764,2.6584
9:32:44,2.6918,2.7464,2.723,2.7284,2.716,2.7115,2.7208,2.6889,2.2698,2.6743,2.6965,2.6605,2.6991,2.7012,2.6753,2.6587
9:32:45,2.6836,2.7586,2.7245,2.7304,2.7302,2.7,2.7228,2.6906,2.2779,2.6755,2.6975,2.6605,2.7005,2.7026,2.676,2.6599
9:32:46,2.6803,2.7625,2.726,2.7314,2.7319,2.6995,2.7228,2.6907,2.2743,2.6767,2.6983,2.6616,2.7007,2.7033,2.6764,2.6599
9:32:47,2.6805,2.7625,2.7262,2.7316,2.7326,2.683,2.748,2.6816,2.2734,2.6765,2.6983,2.6618,2.701,2.7033,2.6765,2.6605
9:32:48,2.681,2.7629,2.7267,2.7321,2.7327,2.6835,2.7513,2.6816,2.2877,2.6774,2.6994,2.6628,2.701,2.7033,2.6765,2.6605
9:32:49,2.6822,2.7643,2.7278,2.7332,2.7336,2.684,2.752,2.6827,2.2909,2.6782,2.7001,2.6625,2.7024,2.7049,2.6776,2.6615
9:32:50,2.6829,2.7653,2.7286,2.7337,2.7341,2.6854,2.7534,2.6834,2.3075,2.6795,2.7013,2.6635,2.7035,2.7058,2.6781,2.6622
9:32:51,2.6828,2.766,2.7288,2.7345,2.7347,2.6859,2.7541,2.6836,2.2991,2.6789,2.7016,2.6639,2.7035,2.706,2.6789,2.6626
9:32:52,2.6836,2.766,2.7288,2.7345,2.7347,2.6859,2.7541,2.6836,2.3015,2.6802,2.7011,2.6649,2.7039,2.7065,2.6787,2.663
9:32:53,2.6842,2.7662,2.7302,2.7349,2.735,2.6863,2.7553,2.6846,2.2916,2.6807,2.703,2.6647,2.7048,2.7072,2.679,2.6635
9:32:54,2.6845,2.7669,2.7311,2.7363,2.7357,2.6877,2.7553,2.6844,2.3038,2.6814,2.7036,2.6651,2.7051,2.7081,2.6787,2.6637
9:32:55,2.6847,2.7678,2.7316,2.7365,2.7361,2.6879,2.7565,2.686,2.3075,2.6817,2.7043,2.6653,2.7056,2.7086,2.6797,2.6649
9:32:56,2.6854,2.7679,2.7321,2.7373,2.7362,2.688,2.7564,2.6853,2.2921,2.6823,2.7044,2.6651,2.7062,2.7092,2.6794,2.6644
9:32:57,2.6849,2.7683,2.7321,2.7373,2.7369,2.688,2.7567,2.6862,2.2745,2.683,2.7048,2.6658,2.706,2.7092,2.6787,2.6645
9:32:58,2.6859,2.769,2.7323,2.7377,2.7371,2.6887,2.7572,2.686,2.2738,2.6828,2.7044,2.6653,2.7063,2.7095,2.678,2.6649
9:32:59,2.6866,2.7704,2.7337,2.7384,2.7378,2.6889,2.7572,2.6874,2.2757,2.6838,2.7058,2.667,2.7067,2.71,2.6783,2.6652
9:33:00,2.6868,2.7695,2.7342,2.7387,2.738,2.6894,2.7581,2.6874,2.2689,2.6842,2.7058,2.6668,2.7072,2.7104,2.678,2.6658
9:33:01,2.6873,2.7705,2.7344,2.7386,2.7383,2.6893,2.7585,2.6881,2.2697,2.6843,2.7062,2.6668,2.7074,2.7107,2.6782,2.6659
9:33:02,2.6871,2.7709,2.7355,2.7391,2.7385,2.6907,2.7578,2.6883,2.286,2.6849,2.7064,2.6668,2.7076,2.7111,2.6782,2.6665
9:33:03,2.6871,2.7709,2.7355,2.7391,2.7385,2.6907,2.7586,2.6885,2.2806,2.6845,2.706,2.667,2.7079,2.7113,2.678,2.6663
9:33:04,2.6885,2.7719,2.736,2.7401,2.7389,2.6905,2.7595,2.6888,2.2785,2.6854,2.7074,2.6667,2.7084,2.7113,2.6778,2.6665
9:33:05,2.6878,2.7718,2.7358,2.7403,2.7392,2.6907,2.7595,2.6893,2.2697,2.6856,2.7079,2.667,2.7083,2.7123,2.6771,2.667
9:33:06,2.6882,2.7721,2.7362,2.7407,2.739,2.6905,2.7595,2.6888,2.2652,2.6861,2.7076,2.6668,2.7083,2.712,2.6762,2.667
9:33:07,2.6889,2.7725,2.737,2.7408,2.7392,2.6907,2.7599,2.689,2.2668,2.6857,2.7079,2.6668,2.709,2.7125,2.6768,2.6668
9:33:08,2.6887,2.7723,2.737,2.7412,2.7392,2.6914,2.7602,2.6895,2.2773,2.6866,2.7083,2.6675,2.7088,2.7125,2.6766,2.6672
9:33:09,2.6896,2.7732,2.7379,2.7419,2.7399,2.6915,2.7618,2.6906,2.2876,2.6864,2.7078,2.667,2.7091,2.7132,2.6766,2.6675
9:33:10,2.6896,2.7732,2.7379,2.7424,2.7403,2.6922,2.7613,2.6902,2.2865,2.6873,2.7093,2.6679,2.7097,2.7135,2.6766,2.6677
9:33:11,2.6901,2.7739,2.7388,2.7426,2.7406,2.6924,2.7613,2.6909,2.3014,2.6882,2.7097,2.6675,2.71,2.714,2.6762,2.6679
9:33:12,2.7037,2.7608,2.7381,2.7422,2.7266,2.7233,2.7346,2.7007,2.3078,2.6884,2.7093,2.6674,2.7102,2.7139,2.6759,2.6684
9:33:13,2.7046,2.7601,2.7386,2.7426,2.7263,2.7238,2.7347,2.7009,2.3076,2.6889,2.7093,2.6681,2.7102,2.7144,2.675,2.6682
9:33:14,2.7049,2.7606,2.739,2.7428,2.7259,2.7237,2.7342,2.7012,2.3069,2.6884,2.71,2.6681,2.7102,2.7146,2.6747,2.6686
9:33:15,2.7051,2.7606,2.7397,2.7428,2.7263,2.724,2.7347,2.7019,2.3068,2.6887,2.71,2.6679,2.7104,2.7146,2.6748,2.6686
9:33:16,2.7051,2.7608,2.7395,2.7431,2.727,2.7244,2.7353,2.7016,2.3061,2.6891,2.7102,2.6679,2.7106,2.7148,2.6736,2.6689
9:33:17,2.7051,2.7606,2.7397,2.7431,2.7263,2.7245,2.7349,2.7016,2.3029,2.6887,2.7095,2.6681,2.71,2.7146,2.6731,2.6682
9:33:18,2.7051,2.7603,2.7397,2.7429,2.7272,2.7245,2.7346,2.7011,2.3003,2.6887,2.7099,2.6668,2.7106,2.7148,2.6719,2.6682
9:33:19,2.7049,2.761,2.7398,2.7428,2.7263,2.724,2.7346,2.7016,2.2989,2.6884,2.7104,2.6675,2.71,2.7144,2.6719,2.6681
9:33:20,2.7055,2.7613,2.7404,2.7433,2.7263,2.7242,2.7349,2.7016,2.294,2.6885,2.7102,2.6674,2.7104,2.7148,2.6706,2.6684
9:33:21,2.7051,2.7613,2.74,2.7429,2.7268,2.7242,2.7351,2.7014,2.2911,2.6887,2.7106,2.6668,2.71,2.7146,2.6701,2.6679
9:33:22,2.7051,2.7613,2.74,2.7429,2.7261,2.724,2.7349,2.7014,2.2855,2.6898,2.7104,2.667,2.71,2.7146,2.6703,2.6677
9:33:23,2.7055,2.7615,2.7405,2.7433,2.7265,2.7244,2.7354,2.7019,2.2827,2.6887,2.7102,2.6668,2.7102,2.7146,2.6692,2.6681
9:33:24,2.7053,2.7617,2.7407,2.744,2.7263,2.7238,2.7354,2.7021,2.2832,2.6891,2.71,2.6675,2.7099,2.7148,2.6682,2.6679
9:33:25,2.7056,2.7618,2.7407,2.7433,2.7265,2.7242,2.736,2.7019,2.2886,2.6894,2.7109,2.6661,2.7102,2.7149,2.6659,2.6681
9:33:26,2.7056,2.7618,2.7414,2.7438,2.7265,2.7247,2.7365,2.7018,2.2898,2.6896,2.7109,2.6665,2.7102,2.7153,2.6648,2.6679
9:33:27,2.7058,2.762,2.7412,2.7435,2.7266,2.7242,2.736,2.7018,2.2961,2.6896,2.7114,2.6665,2.7099,2.7148,2.6624,2.6674
9:33:28,2.7055,2.7617,2.7411,2.7435,2.7258,2.7242,2.7358,2.7012,2.2939,2.6894,2.7104,2.666,2.7099,2.7146,2.6592,2.6677
9:33:29,2.7055,2.7617,2.7414,2.7435,2.7258,2.7238,2.7353,2.7016,2.2886,2.6891,2.7104,2.6661,2.71,2.7148,2.6526,2.6675
9:33:30,2.7056,2.7625,2.7412,2.7433,2.7263,2.7242,2.7351,2.7018,2.2877,2.6894,2.7106,2.6654,2.71,2.7148,2.6399,2.6668
9:33:31,2.7053,2.762,2.7412,2.7429,2.7259,2.724,2.7349,2.7014,2.2956,2.6891,2.7102,2.6653,2.7095,2.7142,2.6398,2.6668
9:33:32,2.7049,2.7618,2.7414,2.7429,2.7254,2.7235,2.7349,2.7011,2.2893,2.6894,2.7104,2.6646,2.7093,2.7141,2.6382,2.6668
9:33:33,2.7049,2.7618,2.7414,2.7429,2.7258,2.7235,2.7353,2.7011,2.2939,2.6887,2.7099,2.6642,2.7092,2.7141,2.638,2.6661
9:33:34,2.7048,2.7618,2.7416,2.7428,2.7256,2.7235,2.7354,2.7005,2.2897,2.6887,2.7097,2.6644,2.7092,2.7141,2.6384,2.6665
9:33:35,2.7047,2.762,2.7412,2.7419,2.7255,2.7236,2.7354,2.7012,2.2849,2.6882,2.7088,2.664,2.7092,2.7139,2.6364,2.6663
9:33:36,2.7049,2.7613,2.7412,2.7426,2.725,2.7229,2.735,2.7003,2.2825,2.6882,2.7091,2.6631,2.7086,2.7135,2.6352,2.6656
9:33:37,2.7047,2.7614,2.741,2.7417,2.7243,2.7234,2.735,2.7001,2.2877,2.6882,2.7091,2.6638,2.7085,2.7137,2.6347,2.6658
9:33:38,2.7054,2.7618,2.7412,2.7422,2.7245,2.7226,2.7356,2.7006,2.2914,2.6887,2.7091,2.6631,2.7085,2.7137,2.6347,2.6658
9:33:39,2.7044,2.7616,2.7415,2.742,2.7248,2.7229,2.7356,2.7005,2.284,2.6885,2.7086,2.6635,2.7085,2.7135,2.6329,2.6653
9:33:40,2.7044,2.7616,2.7415,2.742,2.7248,2.7229,2.7354,2.7001,2.2842,2.6887,2.7098,2.6628,2.7081,2.713,2.6331,2.6644
9:33:41,2.6782,2.7749,2.7415,2.742,2.7378,2.6934,2.7605,2.6729,2.3099,2.7037,2.6751,2.6952,2.6928,2.6985,2.6459,2.6651
9:33:42,2.6778,2.7747,2.7406,2.741,2.7376,2.6908,2.761,2.6718,2.2968,2.7037,2.6742,2.6952,2.6914,2.6968,2.6476,2.6647
9:33:43,2.6771,2.7743,2.741,2.7408,2.7378,2.6911,2.7609,2.6715,2.3079,2.7037,2.6744,2.6951,2.6914,2.6971,2.6526,2.6644
9:33:44,2.6775,2.7742,2.7412,2.7417,2.7378,2.6911,2.7609,2.6722,2.3163,2.7037,2.6742,2.6956,2.6911,2.6971,2.6533,2.6644
9:33:45,2.6775,2.7742,2.7412,2.7417,2.7378,2.6911,2.7609,2.6722,2.3163,2.7037,2.6742,2.6956,2.6904,2.6962,2.6531,2.664
9:33:46,2.6771,2.7738,2.741,2.7408,2.7371,2.6904,2.7602,2.6718,2.3348,2.7033,2.6735,2.6945,2.6906,2.6964,2.6529,2.6635
9:33:47,2.677,2.7738,2.741,2.7404,2.7374,2.6892,2.7603,2.6708,2.3388,2.7024,2.6737,2.6938,2.69,2.6961,2.6522,2.6628
9:33:48,2.6775,2.7738,2.741,2.7396,2.7365,2.689,2.7596,2.6708,2.3397,2.7028,2.673,2.6931,2.6897,2.6955,2.6513,2.6626
9:33:49,2.6759,2.7738,2.741,2.7396,2.7365,2.689,2.7596,2.6702,2.3435,2.7028,2.673,2.693,2.6897,2.6955,2.6515,2.6621
9:33:50,2.6765,2.7735,2.7401,2.7389,2.7364,2.689,2.7602,2.6704,2.3678,2.7024,2.6726,2.6924,2.6893,2.6955,2.651,2.6621
9:33:51,2.6758,2.7735,2.7406,2.7382,2.7362,2.6883,2.7593,2.6699,2.369,2.7024,2.6726,2.6924,2.6891,2.6948,2.6499,2.6617
9:33:52,2.6759,2.7733,2.7405,2.7382,2.7362,2.6883,2.7595,2.6699,2.376,2.7016,2.6723,2.6916,2.6891,2.6948,2.6499,2.6617
9:33:53,2.6761,2.7728,2.7403,2.738,2.7355,2.6882,2.7589,2.6694,2.3781,2.701,2.6721,2.6914,2.6883,2.6941,2.648,2.6605
9:33:54,2.6756,2.7724,2.7393,2.7373,2.7353,2.6878,2.7595,2.669,2.3825,2.7012,2.6716,2.6905,2.6881,2.6938,2.6461,2.66
9:33:55,2.6751,2.7724,2.7398,2.7368,2.7339,2.6869,2.7582,2.6683,2.3673,2.7005,2.6702,2.6895,2.6881,2.6938,2.6461,2.66
9:33:56,2.6742,2.7717,2.7391,2.7359,2.7343,2.6859,2.7586,2.6678,2.3643,2.7005,2.6707,2.6891,2.6867,2.6924,2.6452,2.6586
9:33:57,2.6738,2.7712,2.7387,2.7359,2.7336,2.6855,2.7579,2.6676,2.3615,2.7002,2.6695,2.6884,2.6863,2.6922,2.6441,2.6579
9:33:58,2.674,2.7709,2.7387,2.7345,2.7334,2.6849,2.7572,2.6666,2.3659,2.6993,2.6698,2.6881,2.6853,2.6915,2.6417,2.6568
9:33:59,2.6724,2.7701,2.739,2.7339,2.7329,2.6847,2.757,2.6667,2.372,2.6991,2.6683,2.687,2.6849,2.6908,2.6404,2.6563
9:34:00,2.6725,2.7702,2.7377,2.7337,2.7326,2.6846,2.7566,2.6659,2.375,2.6983,2.6676,2.6864,2.6844,2.6901,2.6389,2.6558
9:34:01,2.672,2.7695,2.7376,2.7332,2.7314,2.6833,2.7559,2.6649,2.3696,2.698,2.6675,2.6859,2.6839,2.6896,2.6378,2.6546
9:34:02,2.6711,2.7688,2.7371,2.7327,2.7312,2.6832,2.7552,2.6649,2.371,2.6971,2.6675,2.6848,2.6828,2.6889,2.6352,2.6537
9:34:03,2.6711,2.7688,2.7364,2.7313,2.7305,2.6827,2.7547,2.664,2.371,2.6968,2.6657,2.6838,2.6821,2.688,2.6324,2.6526
9:34:04,2.6703,2.7674,2.7357,2.7311,2.7296,2.6813,2.7541,2.6637,2.3717,2.6968,2.6655,2.6834,2.6818,2.6875,2.6304,2.6519
9:34:05,2.669,2.7676,2.735,2.7299,2.7295,2.6811,2.7534,2.663,2.3714,2.6959,2.6652,2.6824,2.6811,2.6871,2.6287,2.6505
9:34:06,2.6687,2.7669,2.7351,2.729,2.7286,2.6802,2.7527,2.6625,2.3693,2.6952,2.6645,2.6812,2.6802,2.6857,2.6257,2.6497
9:34:07,2.6683,2.7667,2.7344,2.7287,2.7282,2.6797,2.7526,2.6619,2.3691,2.6947,2.6636,2.681,2.6793,2.6856,2.625,2.6488
9:34:08,2.6675,2.7666,2.7337,2.7278,2.7281,2.6797,2.7517,2.6611,2.367,2.6933,2.6631,2.68,2.6793,2.6856,2.625,2.6488
9:34:09,2.6671,2.7655,2.7336,2.7269,2.7267,2.6778,2.7503,2.6604,2.3627,2.6929,2.662,2.6782,2.6781,2.6833,2.6187,2.647
9:34:10,2.6914,2.7653,2.733,2.7262,2.7183,2.6986,2.7297,2.6831,2.3452,2.6783,2.6933,2.6457,2.6883,2.695,2.6038,2.6455
9:34:11,2.6915,2.7509,2.7324,2.7245,2.7107,2.7071,2.7227,2.6866,2.3368,2.6762,2.6945,2.6433,2.6921,2.6968,2.5924,2.644
9:34:12,2.6872,2.7568,2.7315,2.7245,2.7221,2.6945,2.7217,2.6862,2.3356,2.675,2.6937,2.6423,2.6909,2.6959,2.5908,2.6428
9:34:13,2.6764,2.7568,2.7315,2.7245,2.7221,2.6945,2.7217,2.686,2.3345,2.675,2.6935,2.6421,2.6909,2.6959,2.5908,2.6428
9:34:14,2.6753,2.7631,2.7311,2.7238,2.7244,2.6783,2.7444,2.6763,2.3318,2.6745,2.6923,2.6412,2.6899,2.6947,2.5897,2.6407
9:34:15,2.6746,2.7626,2.7303,2.7218,2.7239,2.6729,2.7477,2.6742,2.3267,2.6734,2.6912,2.6389,2.6883,2.6927,2.5883,2.639
9:34:16,2.6732,2.7615,2.7296,2.721,2.7221,2.6715,2.7466,2.6728,2.3225,2.672,2.6902,2.6379,2.6877,2.6924,2.5918,2.6384
9:34:17,2.6723,2.7608,2.7285,2.7201,2.7211,2.6703,2.7456,2.6717,2.3181,2.6704,2.6889,2.6368,2.6863,2.692,2.5931,2.6367
9:34:18,2.6716,2.7603,2.7276,2.7189,2.7202,2.6689,2.7438,2.671,2.3164,2.6704,2.6886,2.6353,2.6853,2.691,2.5924,2.6355
9:34:19,2.6711,2.7596,2.7275,2.7178,2.7195,2.6678,2.744,2.6696,2.3136,2.6689,2.6877,2.634,2.6837,2.6889,2.586,2.633
9:34:20,2.6699,2.7589,2.7266,2.7159,2.7183,2.6671,2.7428,2.6687,2.3068,2.6682,2.6851,2.6326,2.6828,2.6882,2.5813,2.6321
9:34:21,2.6687,2.7566,2.7255,2.7147,2.7174,2.6661,2.7419,2.6687,2.3043,2.6675,2.6848,2.6314,2.6828,2.6882,2.5813,2.6321
9:34:22,2.6678,2.7564,2.7243,2.7138,2.7163,2.6647,2.7405,2.668,2.3016,2.6668,2.6837,2.6302,2.6802,2.6852,2.5753,2.6283
9:34:23,2.6669,2.7552,2.7235,2.7119,2.7153,2.6626,2.7395,2.6659,2.2949,2.6656,2.6825,2.6292,2.6791,2.6842,2.5722,2.6263
9:34:24,2.6657,2.7546,2.723,2.7119,2.7153,2.6626,2.7395,2.6659,2.2916,2.6649,2.6813,2.6272,2.6788,2.6838,2.5708,2.626
9:34:25,2.665,2.7541,2.722,2.7096,2.7137,2.6606,2.7377,2.664,2.2804,2.6631,2.6796,2.6247,2.676,2.6814,2.5662,2.6227
9:34:26,2.6639,2.7527,2.7213,2.7085,2.7121,2.6597,2.7366,2.6634,2.2737,2.6625,2.6795,2.6242,2.6756,2.6807,2.5646,2.6218
9:34:27,2.663,2.7525,2.7206,2.7085,2.7121,2.6597,2.7366,2.6634,2.2737,2.6618,2.6786,2.6235,2.6748,2.6801,2.5632,2.6206
9:34:28,2.6623,2.7518,2.7206,2.7061,2.7105,2.6578,2.735,2.6619,2.2659,2.6603,2.677,2.6216,2.6735,2.6779,2.5543,2.6185
9:34:29,2.6618,2.7511,2.7197,2.7059,2.7102,2.6573,2.7347,2.6613,2.262,2.6601,2.6765,2.6212,2.6723,2.6775,2.5504,2.6167
9:34:30,2.6608,2.7504,2.7194,2.7042,2.7095,2.6564,2.734,2.6612,2.2552,2.6591,2.6751,2.6191,2.6707,2.6759,2.549,2.6149
9:34:31,2.6606,2.7501,2.7187,2.7026,2.7088,2.6554,2.7324,2.6596,2.2523,2.6587,2.6751,2.6183,2.6704,2.6745,2.5455,2.6127
9:34:32,2.6594,2.7492,2.718,2.7012,2.7081,2.6547,2.7321,2.6598,2.2458,2.6578,2.6733,2.6172,2.6691,2.6738,2.5446,2.6114
9:34:33,2.6594,2.7485,2.7175,2.7012,2.707,2.6533,2.731,2.6589,2.2395,2.6563,2.6726,2.6157,2.6677,2.6724,2.5441,2.6095
9:34:34,2.6582,2.7478,2.7166,2.6989,2.7051,2.6519,2.73,2.6582,2.2332,2.6552,2.6716,2.6143,2.6669,2.6716,2.5459,2.6076
9:34:35,2.6571,2.7473,2.7166,2.6973,2.7051,2.6519,2.73,2.6582,2.2332,2.6552,2.6707,2.6137,2.6651,2.67,2.5464,2.6071
9:34:36,2.6564,2.7463,2.7157,2.696,2.7042,2.6498,2.7281,2.6568,2.2247,2.6535,2.6685,2.6123,2.6635,2.6682,2.5453,2.6039
9:34:37,2.6552,2.745,2.7147,2.6942,2.7026,2.6475,2.7272,2.6559,2.2182,2.6528,2.6681,2.6108,2.6628,2.6667,2.5437,2.6016
9:34:38,2.6543,2.7449,2.7141,2.6939,2.7023,2.6473,2.7263,2.6556,2.216,2.6516,2.6665,2.6092,2.6607,2.6651,2.5392,2.5992
9:34:39,2.6651,2.7311,2.7011,2.7153,2.675,2.676,2.7254,2.6547,2.214,2.6509,2.6653,2.6085,2.659,2.6626,2.5332,2.5962
9:34:40,2.6653,2.7281,2.6997,2.715,2.674,2.6756,2.6965,2.664,2.206,2.6493,2.6641,2.6061,2.6576,2.6614,2.5302,2.5946
9:34:41,2.6646,2.7277,2.699,2.7132,2.6717,2.674,2.6952,2.6631,2.1999,2.6482,2.6622,2.6055,2.6556,2.6597,2.5248,2.5913
9:34:42,2.663,2.726,2.6977,2.7108,2.6712,2.6723,2.6933,2.6627,2.1971,2.647,2.6609,2.6034,2.6537,2.6571,2.5199,2.5883
9:34:43,2.6615,2.7253,2.6967,2.7096,2.6701,2.6712,2.6926,2.6613,2.191,2.6453,2.6599,2.601,2.6526,2.656,2.5176,2.5869
9:34:44,2.6603,2.7241,2.6956,2.7064,2.6678,2.67,2.6912,2.6603,2.1849,2.6435,2.6576,2.5994,2.6511,2.656,2.5176,2.5869
9:34:45,2.6601,2.7232,2.6958,2.7057,2.667,2.669,2.6905,2.6598,2.1807,2.6432,2.6568,2.5979,2.6484,2.6522,2.5108,2.5816
9:34:46,2.6585,2.7222,2.6937,2.704,2.6664,2.6667,2.6888,2.6587,2.1746,2.6404,2.6554,2.5972,2.6469,2.6499,2.5048,2.5788
9:34:47,2.6576,2.7211,2.6939,2.7015,2.6647,2.6664,2.6877,2.6587,2.1708,2.6401,2.6541,2.5959,2.6442,2.6471,2.5023,2.5764
9:34:48,2.6561,2.7201,2.6927,2.6993,2.6628,2.6631,2.6863,2.6573,2.1643,2.6376,2.6517,2.5942,2.6425,2.6455,2.499,2.5725
9:34:49,2.6538,2.7187,2.692,2.6974,2.6619,2.6622,2.6839,2.6559,2.1547,2.6352,2.6501,2.5916,2.6397,2.6427,2.4916,2.5692
9:34:50,2.6535,2.7178,2.691,2.6944,2.6598,2.6597,2.6815,2.6549,2.1463,2.6327,2.6479,2.5912,2.6369,2.6408,2.489,2.5671
9:34:51,2.651,2.7166,2.6897,2.6909,2.6581,2.6575,2.6797,2.6542,2.1413,2.6312,2.6466,2.5881,2.6349,2.6382,2.4823,2.5634
9:34:52,2.6502,2.7154,2.6885,2.6893,2.6576,2.657,2.679,2.6521,2.1325,2.63,2.6456,2.5876,2.6319,2.6343,2.4818,2.559
9:34:53,2.6482,2.7134,2.6875,2.686,2.6558,2.6549,2.6775,2.6518,2.1285,2.6272,2.6428,2.5843,2.6284,2.6307,2.4809,2.5567
9:34:54,2.647,2.7126,2.6866,2.6841,2.6539,2.6528,2.6754,2.6502,2.1193,2.6244,2.6405,2.582,2.6266,2.6288,2.4778,2.5549
9:34:55,2.6444,2.7108,2.685,2.6811,2.6511,2.65,2.6726,2.6493,2.1137,2.6223,2.639,2.5811,2.6232,2.6251,2.4722,2.5477
9:34:56,2.6442,2.7098,2.6843,2.6789,2.6497,2.6486,2.6714,2.6483,2.1043,2.6209,2.6379,2.5799,2.6232,2.6251,2.4722,2.5477
9:34:57,2.6413,2.7084,2.6826,2.675,2.6474,2.6465,2.6686,2.6469,2.0954,2.616,2.6329,2.5775,2.6171,2.619,2.4566,2.54
9:34:58,2.6381,2.7063,2.6807,2.6705,2.6446,2.6428,2.6656,2.6456,2.0913,2.6138,2.6327,2.5748,2.6132,2.6145,2.4559,2.5342
9:34:59,2.6364,2.7033,2.6791,2.6663,2.6434,2.6419,2.6642,2.6441,2.0807,2.6104,2.6294,2.5724,2.6089,2.6104,2.4441,2.5312
9:35:00,2.635,2.7026,2.6777,2.664,2.6411,2.6384,2.6611,2.6423,2.0674,2.6063,2.6262,2.5698,2.6067,2.6083,2.431,2.5253
9:35:01,2.632,2.7,2.676,2.6591,2.6376,2.6351,2.6584,2.6399,2.0564,2.6017,2.6248,2.5692,2.6041,2.6057,2.425,2.5223
9:35:02,2.6292,2.6977,2.6733,2.6544,2.6346,2.6334,2.6572,2.639,2.0512,2.6,2.621,2.5659,2.5994,2.6005,2.4148,2.5156
9:35:03,2.6263,2.6951,2.6719,2.6518,2.6327,2.6297,2.6532,2.6369,2.0388,2.5953,2.6184,2.5637,2.5946,2.5958,2.4036,2.509
9:35:04,2.6243,2.6946,2.67,2.6466,2.6315,2.6285,2.6515,2.636,2.0332,2.593,2.6159,2.5621,2.5897,2.591,2.3976,2.5053
9:35:05,2.6243,2.6946,2.67,2.6466,2.6294,2.6266,2.6492,2.6352,2.0264,2.5911,2.6145,2.561,2.5897,2.591,2.3915,2.5013
9:35:06,2.6198,2.6895,2.666,2.6387,2.6247,2.6208,2.6445,2.6324,2.0039,2.5853,2.6103,2.5577,2.5817,2.5828,2.3747,2.4872
9:35:07,2.6167,2.6869,2.6632,2.6324,2.621,2.617,2.6401,2.6297,1.9925,2.578,2.606,2.5555,2.5817,2.5828,2.3747,2.4872
9:35:08,2.6149,2.6853,2.6618,2.6295,2.6191,2.6147,2.6378,2.6287,1.985,2.5751,2.6025,2.5528,2.5736,2.5737,2.352,2.4755
9:35:09,2.6113,2.6818,2.6588,2.6228,2.6151,2.6114,2.6342,2.6275,1.9767,2.5718,2.6004,2.5518,2.5676,2.5678,2.3434,2.4687
9:35:10,2.6074,2.6785,2.6557,2.6174,2.6131,2.6088,2.6319,2.625,1.961,2.5667,2.596,2.5486,2.5641,2.5646,2.3346,2.4643
9:35:11,2.6048,2.6771,2.6538,2.6152,2.6084,2.6049,2.6277,2.6222,1.9424,2.5604,2.5913,2.5474,2.558,2.558,2.3243,2.4553
9:35:12,2.6005,2.6731,2.6501,2.6082,2.604,2.5995,2.6225,2.6208,1.9335,2.5571,2.5888,2.5446,2.5509,2.5508,2.3108,2.4459
9:35:13,2.5984,2.6731,2.6501,2.6082,2.604,2.5995,2.6225,2.6192,1.9239,2.5536,2.5862,2.5429,2.5509,2.5508,2.3108,2.4459
9:35:14,2.5981,2.6676,2.6442,2.5976,2.5969,2.5927,2.6154,2.6153,1.892,2.5439,2.5788,2.5377,2.5404,2.544,2.2996,2.4357
9:35:15,2.5942,2.6634,2.64,2.5895,2.592,2.5877,2.6093,2.6116,1.8805,2.5401,2.576,2.5361,2.5373,2.5363,2.2953,2.4247
9:35:16,2.5895,2.6587,2.6378,2.586,2.5896,2.5849,2.6066,2.6099,1.8587,2.5328,2.57,2.5323,2.5373,2.5363,2.2953,2.4247
9:35:17,2.5865,2.6569,2.6332,2.5773,2.5842,2.5795,2.6007,2.6071,1.8399,2.5253,2.5641,2.5295,2.5211,2.5197,2.2767,2.4064
9:35:18,2.5815,2.6545,2.6315,2.573,2.5814,2.577,2.5979,2.6051,1.829,2.5216,2.5613,2.5281,2.5171,2.5156,2.2698,2.3954
9:35:19,2.5808,2.6496,2.6261,2.5642,2.5763,2.5713,2.5916,2.6018,1.8077,2.5139,2.5548,2.5258,2.508,2.5065,2.2596,2.3833
9:35:20,2.5766,2.6443,2.6209,2.5548,2.5698,2.5651,2.5852,2.6006,1.798,2.5097,2.5517,2.523,2.4996,2.4965,2.2505,2.3712
9:35:21,2.5707,2.6391,2.616,2.545,2.5635,2.5594,2.5777,2.5948,1.7702,2.501,2.5447,2.519,2.4996,2.4965,2.2505,2.3712
9:35:22,2.5674,2.6367,2.6128,2.5401,2.5609,2.5561,2.5747,2.5929,1.7604,2.4925,2.5383,2.5174,2.4862,2.4811,2.2285,2.3521
9:35:23,2.5609,2.6305,2.6071,2.5295,2.5541,2.5514,2.5679,2.5908,1.751,2.488,2.5342,2.5136,2.4771,2.4704,2.2205,2.3383
9:35:24,2.555,2.6246,2.6003,2.5246,2.5508,2.5482,2.5642,2.5866,1.7297,2.4792,2.5262,2.5094,2.4724,2.4643,2.2157,2.3313
9:35:25,2.555,2.6246,2.6003,2.5246,2.5508,2.5482,2.5642,2.5866,1.7297,2.4792,2.5262,2.5094,2.4633,2.4526,2.2071,2.3173
9:35:26,2.5431,2.6147,2.5908,2.5021,2.5364,2.5369,2.5482,2.5782,1.7047,2.4637,2.5142,2.503,2.459,2.4461,2.204,2.3095
9:35:27,2.5344,2.608,2.588,2.496,2.5324,2.5332,2.5447,2.5756,1.6875,2.454,2.5059,2.4993,2.459,2.4461,2.204,2.3095
9:35:28,2.5306,2.6038,2.5814,2.4839,2.5249,2.5267,2.5358,2.5711,1.6677,2.443,2.4969,2.4944,2.4482,2.4185,2.1724,2.2873
9:35:29,2.5156,2.6005,2.5776,2.4775,2.5212,2.5234,2.5317,2.5686,1.6583,2.4376,2.4925,2.4923,2.444,2.411,2.1645,2.2726
9:35:30,2.5109,2.5937,2.5697,2.4644,2.5132,2.5164,2.5227,2.5637,1.6379,2.4257,2.4831,2.49,2.4338,2.3953,2.1499,2.2573
9:35:31,2.5021,2.585,2.562,2.4508,2.5041,2.5091,2.5183,2.5618,1.6321,2.4202,2.4777,2.4853,2.4234,2.3785,2.136,2.2415
9:35:32,2.4948,2.5766,2.5544,2.4438,2.5002,2.5054,2.5092,2.5564,1.6159,2.4071,2.4668,2.4797,2.4178,2.3692,2.1285,2.234
9:35:33,2.4911,2.5724,2.55,2.4289,2.4911,2.4979,2.5003,2.552,1.5958,2.3938,2.4562,2.4752,2.4064,2.351,2.1111,2.228
9:35:34,2.8989,2.9127,2.933,2.8498,2.8877,2.946,2.9001,3.005,2.5791,2.6818,2.7745,2.8297,2.4215,2.4493,2.3066,2.4913
9:35:35,2.9786,2.9677,2.9861,2.9121,2.9321,2.9891,2.938,3.0377,2.673,2.9308,2.9566,2.9539,2.9016,2.8687,2.772,2.8503
9:35:36,3.0232,3.006,3.022,2.9662,2.9727,3.0321,2.976,3.0574,2.7257,2.954,2.9783,3.0071,2.9523,2.92,2.8424,2.9078
9:35:37,3.0503,3.0299,3.0443,2.9835,2.987,3.048,2.9893,3.0859,2.7909,2.9885,3.0088,3.0378,2.9846,2.9523,2.8655,2.9272
9:35:38,3.0606,3.0395,3.0531,3.0116,3.0099,3.0717,3.0109,3.1065,2.832,3.0121,3.03,3.0614,2.997,2.9656,2.9011,2.9584
9:35:39,3.0787,3.0542,3.0681,3.0336,3.0339,3.0843,3.0273,3.1223,2.8622,3.0309,3.0481,3.079,2.997,2.9656,2.9011,2.9584
9:35:40,3.0773,3.0767,3.0894,3.0142,3.0638,3.0832,3.0348,3.1294,2.8755,3.0387,3.0551,3.0867,3.0272,2.9953,2.9401,2.9921
9:35:41,3.089,3.0934,3.1005,3.029,3.0767,3.0778,3.0778,3.1298,2.8977,3.0521,3.0666,3.0992,3.0423,3.0107,2.9601,3.0093
9:35:42,3.0942,3.098,3.1096,3.0418,3.0821,3.0836,3.083,3.1347,2.9078,3.0586,3.0729,3.1048,3.0555,3.0241,2.9689,3.0166
9:35:43,3.0989,3.1025,3.1138,3.0482,3.0919,3.0944,3.0935,3.1436,2.9254,3.0687,3.0836,3.1153,3.0611,3.0298,2.9846,3.0304
9:35:44,3.108,3.11,3.1215,3.0585,3.1015,3.104,3.1018,3.1516,2.9408,3.0779,3.0872,3.1191,3.0713,3.0403,2.9977,3.0425
9:35:45,3.108,3.11,3.1215,3.0585,3.1015,3.104,3.1018,3.1516,2.9408,3.0779,3.0872,3.1191,3.0806,3.0449,3.0041,3.0474
9:35:46,3.1188,3.1202,3.1311,3.072,3.112,3.1155,3.113,3.1614,2.9601,3.0901,3.1026,3.1347,3.085,3.0538,3.0146,3.0574
9:35:47,3.1258,3.1252,3.1366,3.0797,3.1185,3.1225,3.1195,3.1677,2.967,3.0936,3.1056,3.1382,3.0927,3.0618,3.0249,3.0658
9:35:48,3.1315,3.1303,3.1412,3.087,3.122,3.1263,3.1226,3.1698,2.9773,3.1002,3.112,3.1444,3.0997,3.0688,3.0297,3.0703
9:35:49,3.1341,3.1336,3.1438,3.0901,3.127,3.1321,3.1277,3.174,2.9883,3.1062,3.1185,3.15,3.1029,3.0723,3.0383,3.0738
9:35:50,3.1395,3.1378,3.1459,3.0933,3.13,3.1351,3.1308,3.1764,2.9924,3.1093,3.1209,3.1528,3.1061,3.0753,3.0425,3.0812
9:35:51,3.1443,3.1422,3.1525,3.1024,3.1347,3.1405,3.1355,3.1806,3.001,3.1144,3.1258,3.157,3.1122,3.0812,3.0502,3.0875
9:35:52,3.1467,3.1439,3.1543,3.1051,3.1398,3.1454,3.1396,3.1841,3.0092,3.1196,3.13,3.1612,3.1173,3.087,3.0576,3.094
9:35:53,3.1509,3.1479,3.1562,3.1078,3.1414,3.1475,3.1423,3.1871,3.0136,3.122,3.1321,3.1636,3.1201,3.09,3.0611,3.0968
9:35:54,3.1552,3.1509,3.1611,3.1151,3.1475,3.1524,3.1464,3.1901,3.0205,3.1264,3.1366,3.168,3.1245,3.0947,3.0672,3.1024
9:35:55,3.1565,3.1526,3.1628,3.1174,3.1494,3.1562,3.1507,3.1918,3.0235,3.1288,3.1387,3.1698,3.129,3.0994,3.0728,3.1077
9:35:56,3.1586,3.1544,3.1646,3.1188,3.1515,3.1581,3.1519,3.1944,3.0307,3.1325,3.1408,3.1713,3.129,3.0994,3.0728,3.1077
9:35:57,3.1622,3.1579,3.1677,3.124,3.1547,3.1618,3.1558,3.1979,3.0371,3.1365,3.1466,3.176,3.1357,3.1059,3.0818,3.1147
9:35:58,3.1659,3.1602,3.171,3.1278,3.1578,3.1658,3.1591,3.199,3.0403,3.1382,3.1482,3.1774,3.1396,3.1103,3.0871,3.1194
9:35:59,3.1683,3.1629,3.1731,3.1299,3.1594,3.1672,3.1609,3.2014,3.046,3.1417,3.1511,3.1806,3.1433,3.1125,3.0897,3.1215
9:36:00,3.1699,3.164,3.1743,3.1336,3.1622,3.1704,3.1642,3.204,3.0513,3.1457,3.155,3.1835,3.145,3.1164,3.0943,3.1236
9:36:01,3.173,3.167,3.1771,3.1374,3.1653,3.1733,3.167,3.2063,3.0544,3.1466,3.156,3.1851,3.1469,3.1183,3.0965,3.1275
9:36:02,3.1746,3.1682,3.1785,3.1374,3.1653,3.1733,3.167,3.2063,3.057,3.1478,3.1579,3.1865,3.1503,3.1197,3.0993,3.1298
9:36:03,3.1774,3.1708,3.1813,3.142,3.1692,3.1781,3.1715,3.2091,3.0645,3.1538,3.1632,3.19,3.1534,3.1251,3.1053,3.1334
9:36:04,3.1774,3.1708,3.1813,3.142,3.1692,3.1781,3.1715,3.2091,3.0645,3.1538,3.1632,3.19,3.1569,3.1283,3.1097,3.1385
9:36:05,3.1827,3.1752,3.1843,3.1471,3.1731,3.1817,3.1747,3.2125,3.0716,3.1576,3.1667,3.1932,3.1585,3.13,3.1114,3.1404
9:36:06,3.1839,3.1764,3.1864,3.1504,3.1757,3.1847,3.1773,3.2144,3.0757,3.1597,3.169,3.1955,3.1608,3.133,3.1157,3.1418
9:36:07,3.1858,3.1784,3.1887,3.1534,3.1778,3.187,3.1803,3.2142,3.0778,3.1615,3.1699,3.1967,3.1608,3.133,3.1157,3.1418
9:36:08,3.1882,3.1811,3.1908,3.1546,3.1792,3.188,3.1808,3.2163,3.082,3.1641,3.1728,3.1989,3.1648,3.1373,3.1209,3.1486
9:36:09,3.1895,3.1815,3.1911,3.1574,3.1808,3.1908,3.1834,3.2182,3.0864,3.1667,3.1753,3.2005,3.168,3.1405,3.1225,3.1499
9:36:10,3.1909,3.1824,3.1922,3.1589,3.1825,3.1912,3.1834,3.2182,3.0864,3.1667,3.1753,3.2005,3.1694,3.1417,3.1256,3.1525
9:36:11,3.1926,3.1843,3.1943,3.1612,3.1846,3.1934,3.1866,3.2207,3.0901,3.1686,3.1777,3.2037,3.1713,3.1445,3.1293,3.1551
9:36:12,3.1945,3.1862,3.1962,3.1631,3.1865,3.1947,3.1876,3.2214,3.0941,3.1712,3.1798,3.2049,3.1741,3.1471,3.1323,3.1569
9:36:13,3.1959,3.1871,3.1967,3.1654,3.1878,3.1971,3.1897,3.223,3.0974,3.174,3.1819,3.2065,3.1748,3.1478,3.1337,3.1599
9:36:14,3.1975,3.189,3.199,3.1672,3.1895,3.199,3.1914,3.2242,3.1011,3.1756,3.1824,3.2073,3.1773,3.1506,3.1365,3.162
9:36:15,3.1992,3.1906,3.2004,3.1692,3.1918,3.2008,3.1927,3.2256,3.1033,3.1766,3.1847,3.2087,3.1785,3.152,3.1384,3.163
9:36:16,3.2011,3.1922,3.2021,3.1717,3.1928,3.2022,3.1953,3.2266,3.1059,3.1791,3.187,3.211,3.1795,3.1529,3.1395,3.1644
